text,tweet_id
"@gehringdc The Catholic Left (much like the Protestant Mainline Left) really stays on message. 

Some of that is covered in this piece. 

https://t.co/7ncuFxaWEm",1089786509098545200
"@DerekJamesNBA Dario and Covington!

If y‚Äôall somehow get Nerlens this summer, so help me God...",1090375249131118600
Covington Student Nicholas Sandmann Hires Attorney to Sue Media https://t.co/vltLTidxjy,1089324409595285500
Covington and the politics of aggressive standing https://t.co/tuBXGU5TIW,1090088957432422400
Covington Catholic Students In Blackface Underline Race Issues At Private School https://t.co/pB4jy0Inuq,1089508725797384200
"Ant Eater Face Bill Maher Is a disgusting POS!  Atheist Evil Human? No! He's a MM Scum!
He Said Something Disgusting About The Covington Kids https://t.co/HlYuR5AaY1",1090371124880437200
"""Fake news ‚Äî whether the latest BuzzFeed myth or the Covington charade ‚Äî is simply a word for thirtysomethings who believe that they have a duty to promote race, class, and gender agendas that they were spoon-fed in college."" Victor Davis Hanson https://t.co/3c50JeID76",1090433611185086500
"In this Deibertribe, after watching what we've seen in the last week with the Covington kids and the Buzzfeed story, Dan talks about the sorry state of journalism in the United States.  https://t.co/XYBNmqCX9S",1088825189587132400
What the Covington High Schoolers Taught America https://t.co/xbLAbyarQO,1089294385085378600
Apologies Come Flooding In After Larger Picture of Covington Boys Is Revealed https://t.co/Ijrh5a0iIR,1089688383310491600
Man Booted From School Board Meeting For Naming Teacher Who Called Covington Boys ‚ÄòHitler Youth‚Äô https://t.co/yTSAylmDw2 via @dailycaller,1089401232043593700
"#FakeNews @CNN  ""STILL BLAMING THE KIDS""! Phillips was the aggressor &amp; the ADULT  he was in their face and threatening(Lied about service)-hat excuse shows your ignorance! CNN Attempts Damage Control for Covington Misreporting, FAILS AGAIN ü§£ https://t.co/43zjhiXD8J via @YouTube",1089347539797725200
"Wonder If he Would Care If The Tables Were Turned And He Received The Death Threats---&gt; ""I Don't Really Care"" - University of Cincinnati Student Supports Death Threats of Covington Catholic Boys (VIDEO) https://t.co/viPu9SrNeV via @gatewaypundit",1089369512321835e3
Covington Catholic High School: Stand With The #CovingtonBoys - Sign the Petition! https://t.co/qca279P6gy via @Change,1089184300203946e3
"Michael Bennett, Covington kids, trump rally violence, the black college lacrosse player who targeted HIMSELF and spray painted the N word and swasticka, pictures of children in  cages due to ‚Äútrump‚Äôs border policies‚Äù but the pics ended up being from 2014, I can keep going smh",1090772012052762600
"Attorney Robert Barnes Lists Members of Media, Hollywood Elites Who Will be Sued by Covington Students (VIDEO) https://t.co/m2hcgFvXKj",1089448630069678100
BREAKING: Bishop apologizes to Covington students | Deacon Greg Kandra was he worried about a lawsuit? It shouldn‚Äôt of taken him this long! https://t.co/3sigEGMx1m,1088985459966005200
"This Omar woman is very racist towards white people and spread many terrible, complete lies about the Covington High School boys. She should be kicked out of Congress.

https://t.co/ge6qKRB9FB",1088838449812131800
"@MorganeOgerBC @crabbyoldbiddy @fuzzyearlobes @NewWorldHominin Radical in what way? By virtue that she doesn't go along with your narrative? Radical is a matter of perspective. We saw this with a Covington debacle, people were SURE (with many still doubling down) that the kids were racists, but the evidence shows otherwise. Meghan's position",1089390231046971400
"Smart asessment by Todd Essig. It's those hats, seen by half the country as a symbol of righteous strength for white power America, and the other as a purveyor of division and hate.  https://t.co/HROsdf0wMy",1089871396510027800
i just want to to throw this out there.  if your a right wing idiot or a left wing dumbass.  if you have a problem with those covington children  just come get in my face before you go to them. i will gladly stomp your butt. your so brave to attack them &amp; not know what the hell,1089501455281606700
"Comparing coverage of the wall vs Covington Catholic School, how will this be presented?",1088875572267270100
"""It is worth noting that Pat Cipollone, Trump's White House counsel, is an alumnus of Covington Catholic.""

White victimology, white privilege and the Covington Catholic rules of race
https://t.co/5d2LKy3O34",1089966021744648200
"Covington Sudents, you are in my prayers. God bless you.",1088985169174749200
"@Yamiche @JussieSmollett This. Is. A. Lie.

No one said that. Keep making shit up. We‚Äôll add it to the other lies:

1. White men shut black Houston girl
2. Covington kids
3. Michael Brown was innocent

Keep up the lies. We have to be better by ridding ourself of lying racist ‚Äújournalists.‚Äù",1090445152236326900
"@GreatScott1991 Did he go to Covington High School, too? Will anybody be talking about him a week from now?",1090815964860567600
New Story: Boys Varsity Basketball beats Covington 80 - 41 https://t.co/xkzICX4OVy,1090677444179161100
@funkymonais publicity... failed with last weeks covington scam...just the new tactic or same old one with the left,1091037937217818600
"@POTUS AnonymousViking

@AnonymousViking
 14m
14 minutes ago

More
Sue them For BILLIONS! Attorney Robert Barnes Lists Members of Media, Hollywood Elites Who Will be Sued by Covington Students (VIDEO) https://t.co/tGvDYW4ZK6 ‚Ä¶ via @gatewaypundit",1089422585819873300
@Timcast @AbuWankinobbi So why are you on it ? Covington kids got what they d served a hard learned lesson on life,1090364120900165600
"No he was just extremely uncourageous, measily, petty, bigoted towards his flock, and more afraid of the mob , than of God
. #Covington #Bishop. https://t.co/Iu8wlIrKgy",1090682104193663e3
"@AlexMLeo @JamesOKeefeIII It's pretty obvious really - CNN was tipped off. Only a fool would think otherwise. Comey's former tea-boy now works for CNN. The ""propaganda"" comes from the Left - as always. Covington, anyone?",1089749636972040200
"@BLL1060 Watch the full video or if that‚Äôs too difficult read this article:

https://t.co/OrSoMGlOax",1089516475348590600
"@dissentcoach His presidency is more than halfway over and there‚Äôs a chamber who will never pass any border security. These trump sycophants are ridiculous. Sure, I‚Äôll praise him when he, for example, stands up for our boys down in Covington. But that‚Äôs about it.",1089027459339698200
"@raeganhale6 @hale_appleman I think you meant to say ‚ÄúWe aren‚Äôt all bad.‚Äù Which is true. There are some really wonderful people in that state, but the overall reputation of the state‚Äôs residents is far from a good one. The Covington kids being the most recent example.",1091341451315896300
Kentucky Prosecutor Subpoenas Online Harassers of Covington Students https://t.co/m6K59Kd6pD via @BreitbartNews,1088900915174682600
"@SenatorSinema Do you know why smiling is considered offensive in this country?
https://t.co/Br5UtUXafP",1091390742688280600
You harassed the Covington student you twit. https://t.co/RqFwRTWR8Y,1089188658505224200
"@JeremyLittau Did you reconsider in the meantime?
https://t.co/8prHeZc2I1",1091203217659228200
"Covington Bishop Says He Was ‚ÄòBullied‚Äô into Making Statement About MAGA Boys https://t.co/2xyG1sJ3ST via @BreitbartNews YOU SHOULD OF HAD THE COURAGE OF THY CONVICTIONS,A GOOD CHRISTIAN DOES NOT BEND OVER FOR THE EVIL ONES",1089290897102131200
Covington Student Nicholas Sandmann to Sue Mainstream Media into Oblivion ‚Äì Nwo Report https://t.co/1kxRYZySa4,1090041613148131300
Opinion: Importance of Indigenous Peoples March got overshadowed by 'the face of white privilege' | CBC News https://t.co/z22ghZej3N,1089221745817595900
"RT PoliticalShort ""RT newsbusters: #CovingtonCatholic Attorney Slams 'Establishment Press' For Lying and Defaming March For Life Attendees https://t.co/Z6JXZiOup5""",1091248346717737e3
"Another Install In The Books. . .

#AlbersAc #HVAC #hvacinstall #daikin #inverter #21SEER #ductreplacement #ductsealing #airscrubber #hvacinstall #mandeville #covington #madisonville‚Ä¶ https://t.co/MHX9zrmQ0V",1090437837516914700
@APCentralRegion @AP Reassign them to that school in Covington...,1091111072914985e3
"Covington Kids&amp;#8217; Attorney Lists Potential Libel Lawsuit Targets, and It&amp;#8217;s Fantastic https://t.co/HkWMG7kRSi",1090224700997947400
Media forced to admit major correction on Native American accuser in Covington altercation https://t.co/TRKzs1ffRe,1089776315056697300
"RW: Why They Fight: For Many Women, Kavanaugh Could've Been Their Husband, and the Covington Teens Could've Been Their Sons",1089398903697494e3
"This question is to @SavannahGuthrie regarding her pathetic interview of the Covington youth - ‚ÄúDo you feel that you owe anybody an apology? Do you see your own fault in any way?‚Äù #MSM is ONLY #FakeNewsMedia a rush to have the 1st story, right or WRONG!",1089526938530734100
@SenatorDurbin You might want to wait on all of the facts before you say a word.  Remember Covington???,1091044781889851400
UPDATE: Vianney St. Louis High School Teacher Resigns After Horrible Attacks on Covington High School Pro-Life Children https://t.co/wLG6bEQLvf via @gatewaypundit,1091476424006008800
https://t.co/ODjsowSaq3,1089361748342259700
@AIIAmericanGirI @weaselzippers https://t.co/dpM6ZWje2A,1088924548471242800
"@CoachCoreyWayne The Covington fiasco is a wake up call to anyone left, on the left. Mainstream media is nothing Authoritarian propaganda machines",1088907469575938e3
"@Dilbert_Daily Some are sharing the following story as ""proof"" the Covington boys are ""evil"" to which I say, taking the actions of one or even a few and applying it to the whole is the very definition of racism and bigotry.

https://t.co/LAeJGrpxZz",1089261348591145e3
Man Booted From School Board Meeting For Naming Teacher Who Called Covington Boys ‚ÄòHitler Youth‚Äô https://t.co/qgu7EHSFcS https://t.co/0s44NYS16f,1089908162478723100
@Neoavatara I wonder how many at the Daily Caller were tut-tutting those damn durrty libruls during the whole Covington fiasco a mere 7 days ago.,1089327154989592600
"White victimology, white privilege and the Covington Catholic rules of race.  https://t.co/bRDX9e8Any",1088873669672071200
Get new information &amp; peruse this news from the CONSERVATIVE TRIBUNE by clicking the image below.  https://t.co/hJYSQTa5Zq,1089660029001711600
"https://t.co/9g3xTUIcPj

I just want to make patriots aware of a good source of information from a great You Tube channel. 

#TruthandArttv with Bernie

Today's news:
The Fake Indian at covington
Some relevant older Q post
ISIS by name only",1090004793555181600
@nikki_deleon This is a rather impressive leap to the rediculous. The good news...this is the bottom. It is hard to imagine a more absurd take on #Covington.,1090053146238505e3
Does Covington Expose the Tipping Point? https://t.co/AbkqHWso2W #TCOT #PJNET #MAGA,1089994353026760700
"SCOOP: 'Defamation Dream Team' of Five Law Firms Assembling to Take on Journalists, Media Outlets, and Celebrities Who Attacked Covington Kids https://t.co/FgzBzAaAmp via @gatewaypundit",1088856982986113e3
"@CurtisHouck The Covington Catholic kids got shit for smiling so yeah, Trump would be crucified and then some if he had black face next to a guy in a KKK costume at 27",1091458787985293300
"The racist taunting and harassment by the Covington High School MAGAites against a Native American elder is an example of failed schools, failed parenting, and how white society has failed to confront white privilege and racism. My .@salon with Tim Wise

https://t.co/5wByUHvR1p",1089980055881769e3
"Tomorrow we will talk about Covington, the gilette commercial, and tie it all back to Parkland, then on Monday, @MrsEmilyN will be back to help me tie up the news.",1089285513989767200
@WDVMTV Covington has seriously damaged the Catholic Schools brand.,1090059806495395800
@AdamParkhomenko @Rachel_McRea Is that the Covington Catholic smile?,1088903192061067300
"@washingtonpost I wish @washingtonpost wouldn't make a fake news. I still freshly remember, how @Washingtonpost made a fake news about the Covington students. Shame on you.",1088973926762332200
"The Dems have been stocking this hate for 2 years, everything with them is identity politics, remember just a week ago they were calling for violence against the Covington kids. This wouldn't be the first time libs assault a person &amp; blame Trump supporters. They have no bounds. https://t.co/Ciq7CQUmCr",1090685266199642100
@travel745 @impeach2019 @MarkDice see? You Democrats resort to name-calling when you've got no original ideas or thoughts. And I'm sorry that you cannot see reason or have a sense of humor anymore. You are wrong regarding the Covington boy. Very very wrong.,1090827755254571e3
Vile Far Left Actor Michael Rapaport Is on List of Individuals Who May be Sued for Defamation by Covington School Children https://t.co/N6YsWQsRO9 via @gatewaypundit,1089226805976940500
Opinion summarized: Nothing justifies Covington students waiting for their bus... Thank Honkey-Hatin' Yaweh and the Great Buffalo Spirit for fearless journalists like Jonathan Capeheart. https://t.co/gfwlTWWeIu,1089593041684447200
The Greater Sins in the Covington Incident https://t.co/OUvXJn585V via @CatholicThing,1090530096698409e3
@usminority Have you seen this ridiculous article? https://t.co/rJXGjXyBLc,108966267006686e4
@RealCandaceO @AOC Candace don‚Äôt you know your only supposed to give the benefit of doubt to democrats? Don‚Äôt you know only democrats can accuse Trump &amp; his supporters of a crime even if it‚Äôs hoax? Remember last week Dems tried to get the Covington teenagers murdered by a hoax.,1091076624932573200
@TomFitton @realArizonaDan @JudicialWatch Unfortunately by the time it's released this will be water under the bridge. I think this was just a diversion away from the fake news coverage of the Covington issue. Just askin. https://t.co/22y0lUo9tp,1088911615762804700
"The #CovingtonBoys might well have been Corbyn supporters if they had been British. MAGA hats suggest they are pro-industrial; their entire generation, especially the male half, has had its politics defined by wars Trump and Corbyn opposed. @georgegalloway https://t.co/WmX5V7hUV9",1090679539137740800
Donny douchie jr for sure. Can't stand that smug-no-chin face. Reminds me of that Covington Catholic high school brat whose mommy made him racist. https://t.co/Ziu0Nzjhl0,1089658588379996200
"@Alyssa_Milano @MichaelAgnew360 Really because i see your posts are focused on illegals I don‚Äôt see any supporting the homeless children epidemic in our country. No support for Covington kids, but yep we really feel your worry for the Americans plight. I use to love you now I think you are a brainless twit.",1089116361601753100
"@michaeljknowles Only '00s kids remember these 13 things:

1. Dabbing

...

11. Covington High/MAGA hat kids",1090878961062633500
"JUST IN: Bishop Roger Foys Apologizes to Nick Sandmann, Covington Catholic Families - Letter Included https://t.co/WqaeEvEK5w",1089783508124528600
"YESSS!!

Vile Far Left Actor Michael Rapaport Is on List of Individuals Who May be Sued for Defamation by Covington School Children https://t.co/tWLfzV5IDf via @gatewaypundit",1089217001397125100
@RealSaavedra They never learn. Even after the Covington disaster,1090709316120821800
RAW TRUTH UNCENSORED ! Native Elder Vs Covington MAGA Teen : What really... https://t.co/dVjkYrpzs4 via @YouTube,1089471386496581600
@CLEUCl @lynnrusso88 @robbysoave @LevineJonathan @TheRealRothman @AndreaDresdale I‚Äôve only seen him report on two stories. Covington and this one. And the pattern I‚Äôm seeing is someone who cares more about his ego than the facts. The way he completely dismissed the video of those Covington kids harassing those girls. Maybe he‚Äôs done better work in the past.,1090418043564576800
"@kathygriffin @RachelTrue kathy kathy kathy---- why did you take down th Nazi comment about the Covington kids? was it because u r ridiculously stupid. By your thoughts, 3/4 of the NBA are Nazi advocates...tsk tsk tsk",1090281242975719400
"Perhaps wait for facts (see Covington, Ferguson etc.):  Shifting Stories Cloud Claims of Alleged Hate Crime Attack Targeting 'Empire' Actor Jussie Smollett  https://t.co/BJVRfkp1T6",1090673859727147e3
I liked a @YouTube video https://t.co/CcXn4qWseQ AngryAussie Fails - Covington Maga Kids Are Scum?,1089245767188054e3
The Covington Boys In: Jesting vs. Preaching https://t.co/aCQbDxHw0D #CovingtonCatholic #MAGAkids,1091047030846312400
@allahpundit The crowd that brought us ‚ÄúCovington taught us not to jump to irresponsible conclusions‚Äù brings us ‚ÄúMueller probably leaked this to CNN‚Äù,1088837155487658e3
"@tracybeanz Trump keeps returning the new cycle to the shut down. They tried Covington Catholic, now they're trying a laughably ridiculous heavily-armed raid of a 66 year old man. Trump is on point.",1088872165594677200
Exclusive: Black Hebrew Israelite member speaks out after Covington Cath... https://t.co/Dq82EXhADh via @YouTube,1089337978072326100
"@jordanbpeterson 4) The Covington kids being the most recent   example. If you're being  judged unfairly just for having a certain skin   colour, standing up for  yourself and saying there nothing wrong with   that shouldn't be  confused for some sort of ""white"" ideology.",1089356569324675100
"@michellemalkin, have you heard that DougCo School Board is suppressing the criticisms against teacher/union leader, Grissom, who doxxed a wrong Covington Catholic HS student with Hitler Youth hashtag? https://t.co/wEcb2UYACX https://t.co/byGV447QJD",1088921131547934700
"When ""adults"" Attacks children, for wearing a MAGA hat, you have serious Hatred issues! 
I signed üëá

Support the Covington High School students. https://t.co/WV2S7xPRgq",1089335450773405700
"Attorney Robert Barnes Lists Members of Media, Hollywood Elites Who Will be Sued by Covington Students (VIDEO)

Do it! Do it! Do it! Increase the democRAT'S understanding of the law!

https://t.co/FufaBIsgVm",1089429007924228100
I JUST came off a 7 DAY suspension because some WIMP SNOWFLAKE complained that I posted video of what REALLY happened with the Covington Kids.. I wrote TWATTER 2x NO RESPONSE. YET they can block you in 15 SECONDS no problem.. .. lost about 50 followers in 1 week,1089323533761634300
BREAKING: March for Life apologizes for ‚Äòrush to judgement‚Äô on Covington boys https://t.co/JFRErNU24Y,1090107762435080200
"Want to work at O'Reilly Auto Parts? We're hiring in #Covington, KY! Click the link in our bio for details on this job and more: Store Counter Sales",1090355122851393500
NOT Surprising: Kathy Griffin Wants Covington Kids Doxxed: https://t.co/tEfwvwFqW0,1088843583166255100
"Awful. McClatchy News Smears Covington School Boys in Cartoon of the Week as Pack of ""Clueless"" ""Privileged"" Teen-Age Boys https://t.co/ZEos1l8MMg via @gatewaypundit",1089971607869710300
The Greater Sins in the Covington Incident https://t.co/6NC7UXvX7x via @CatholicThing,1089117933392015400
@vianneygriffins @Vianneyhoops https://t.co/db20wpunnX,1089308408698806300
"SCOOP: 'Defamation Dream Team' of Five Law Firms Assembling to Take on Journalists, Media Outlets, and Celebrities Who Attacked Covington Kids https://t.co/0lmbzaijOI via @gatewaypundit",1088864007480578e3
@ColumbiaBugle Was this before or after this deranged lunatic doubled down and attacked the Covington kids ?,1089011256655257600
"#MSSNews
SCOOP: 'Defamation Dream Team' of Five Law Firms Assembling to Take on Journalists, Media Outlets, and Celebrities Who Attacked Covington Kids https://t.co/zQ4VHNc2w8 via @gatewaypundit",1088825550200811500
"@CapehartJ It doesn't work that way.  Being mis, dis, or uninformed doesn't erase history or responsibility.  And the Covington folk argue religious freedom so any real Christian would not require the lesson.  Plus...these kids and adults have internet.",1089952096420540400
"Here's what to know about the Black Hebrew Israelites, the group of protesters that has shot to the center of the Covington Catholic controversy https://t.co/rqj3PWqDk7 via @businessinsider",1089382727571263500
"@LordScrump An interesting theory from anon on why they are laying off staff now. Perhaps the Covington incident has something to do with it. 

Can't think that the fake story about Trump really helped Buzzfeed. https://t.co/fBN2rSep7b",1088820354242564100
@jaredlholt Really Jared?? You want to talk a cowardly move?? How about all the fake msm journalists  refusing to backtrack and admit they shoud have waited till the whole video surfaced before they ran the story about the Covington catholic kids incident. But no lets double down,1089207539995004900
"Covington bishop to students: Sorry we immediately, unthinkingly threw you under the bus - Washington Examiner https://t.co/AVJVgpWkxR https://t.co/vByYzrnesa",1089523824155013100
"@AllenWest @mrctv Does anyone know the make and model automobile CNN CEO Jeff Zucker drives? Following the CNN fake news report and lawsuit initiated by Covington Catholic, it seems certain one of the kids will driving Zucker‚Äôs car soon.",1090383139568930800
Bishop Foys also sent this letter home to Covington Catholic Parents today. Kenton County officials also released a letter supporting the students  @Local12 at 5 https://t.co/CbR40Vi7WI,1088916271515746300
Let the Gaslighting Commence: Covington Catholic High School Edition | Eclectablog https://t.co/jnRkZzCCN8,1089295879998136300
"JUST IN: Bishop Roger Foys Apologizes to Nick Sandmann, Covington Catholic Families - Letter Included https://t.co/6iXN1nskJD via @gatewaypundit",1088950480246632400
"@chuckwoolery CNN ran Roger Stone story to deflect from fake Nam Vet victimizing Covington and CNN carrying his water. ü§î 

And still no campaign collusion.",1089025163600035800
"Kathy Griffin, Ilhan Omar Panic - Retract Statements About Covington Teens After Robert Barnes Threatens Libel Lawsuit https://t.co/kGR7h25SGT via @gatewaypundit",1089645015041802200
The Stand with Covington gofundme?? Wtf? People are giving these brats money? Unbelievable! https://t.co/XaQE8cMC5h,1088913921153617900
@JoeBiden @The_UnSilent_ @JussieSmollett Small comfort to the Covington kids.üíÅüèª‚Äç‚ôÇÔ∏è,1090481685676912600
"Covington Catholic Bishop Roger Foys and Archbishop Kurtz, The last temptation is the greatest treason: To do the right deed for the wrong reason. Your apology  letters came 5 days to late &amp; ONLY to avoid a lawsuit. SAD! #catholicproblems #Catholics https://t.co/YWgume28CR",1089928243539570700
BREAKING: Covington bishop apologizes to pro-life students: ‚Äòwe‚Ä¶allowed ourselves to be bullied‚Äô | News | LifeSite https://t.co/J9W8MbrQnN,1089126703446671400
"@JoeTalkShow if Smollett is lying, his timing sure is bad coming right after the Covington boys false story.",1091158209950335e3
I like this boy vs the other lil Covington Catholic boyü§∑üèæ‚Äç‚ôÇÔ∏èRNS https://t.co/JNURCa5nyj,1088910839950860300
@Nergal140 @Haunted_Backlog There are several channels right now that YT is hiding videos. You can still find the hidden videos in search. (ex: type timcast in the search bar) The one common thread so far is that all channels that are having videos hidden also exposed the media attack on the Covington kids.,1089245131713245200
@codehitchhiker @ItsRaisu @CarolinaCates @aj_powers @transscribe So I‚Äôm guessing the Covington High School coverage wasn‚Äôt good then‚Ä¶,1089311306774130700
This is all because Hillary lost.  https://t.co/VRkQgK3Dc4,1090034717833998300
@LatinMass9876 @StateStreetGA And you need to look up Nazism and the Vatican making deals with Hitler. Then look at those Covington monsters. The Catholic church is sinking fast. Thank God I left it when I saw what was coming 50 years ago.,1088938863224074200
@WesleyKushner The Covington story was huge because nothing actually happened. It allowed literally everyone to put their own stamp and spin their own narratives. This bank shooting had too many facts to be ‚Äúnewsworthy.‚Äù,1089021715546587100
"@AlexMLeo Oh cool, you're a #VerifiedBully on the Covington lawsuit list. I'm not surprised. Enjoy the lawsuit for your libel and slander! I know I certainly will. https://t.co/W1fkM54dBA",1089567670750638100
"SCOOP: 'Defamation Dream Team' of Five Law Firms Assembling to Take on Journalists, Media Outlets, and Celebrities Who Attacked Covington Kids https://t.co/fBIfblFgRX via @gatewaypundit",1088952933683814400
The War Over Covington and Catholicism https://t.co/hivzc0G3bK via @YouTube,1088859580279504900
The Covington incident makes me so happy those journalists got fired. I hope they all starve to death. You had ONE JOB,1091137149821345800
"‚ùóÔ∏èPOTUS methodically EXPOSING Deep State &amp; puppets.
1. FAKE NEWS MSM:
-Smear Campaign against the Covington Boys
-Buzz Feed's Cohen article denied by Mueller team
2. Gov't shutdown:
-Dem's lust for power
-Paves way to remove SES &amp; fund wall
3. FBI intimidation: Roger Stone arrest",1089633711086137300
"This morning in #Covington. While my small-to-mid-sized office didn‚Äôt close due to the extreme wind chill, many others did have the day off, so the drive wasn‚Äôt quite painful. https://t.co/sEYHbydRCE",1090681722180681700
"After Covington Catholic students caught in social media maelstrom, fuller picture emerges https://t.co/N8YmZLBYRI via @cnalive",1089250721101500400
https://t.co/fAYqwrfGVA,1091460902820417500
"Yep

https://t.co/RlMctoAbrW",1089016774190923800
"Hacks on Hacks on Covington, Schultz, and the Worst of the Beacon via @freebeacon https://t.co/G3sFXY3haT",1090977116496240600
New York Times Runs Sympathetic Piece About Black Hebrew Israelite Hate Group from Covington Story https://t.co/oc70gkCeMn,1088818571910803500
@cspanwj Seems there may be a case for defamation in the Covington story,1089171537335406600
Dems' Covington smear campaign &amp; Moore/fake Russian bot network smear are SOP Dem SPIN info war operations.  New Knowledge chief exec was implicated in the Moore case.  New Knowledge wrote the report on Russian social media ops in 2016 for the Senate Intelligence Committee. https://t.co/RicIunFWcB,1090259256811622400
"BuzzFeed, Covington and the Media‚Äôs Self-Inflicted Wounds https://t.co/zF6DHXuK0x",1089580435519221800
"https://t.co/iXEBSHYnch
This just thrills me... 
A team of very high profile lawyers are joining together to fight for justice for the Covington Catholic High School students who were ruthlessly attacked by the media following a school trip to DC for the",1088931961891110900
via @BigLeaguePol: LIVE UPDATES: Here Are Some Mainstream Media Outlets The Covington Catholic Kids Are Considering SUING https://t.co/G0sBgkHXrJ https://t.co/xuudUcG8Se,1089972660124102700
"My latest.

Covington Catholic Debacle Is The Latest Manifestation Of The Left‚Äôs Identity Politics Obsession https://t.co/h9YhoUGf3D",1090035897272336400
"An Open Apology to the Covington Catholic MAGA Hat Harassment Team*
https://t.co/7FgqgWuw4t
*not what you expect",1089650432580964400
Anti-racist activist Tim Wise: Here's what I'd tell the Covington Catholic boys https://t.co/08dqLlH0tS,1089989616810250200
"‚ÄúConservative‚Äù Never-Trumpers Who Piled On Covington Kids Just Got A Taste of Their Own Medicine‚Äù
https://t.co/LUMh6ahPKZ",1089273828033802200
@eddiebravo @BellatorMMA You‚Äôre the best guest joe ever has on! Bring up the MSM coverage of the Covington kids. Can‚Äôt wait to hear Joe and Callens excuses,1089220142716907500
"White victimology, white privilege and the Covington Catholic rules of race https://t.co/PyXa9j0eNI",1.0888438425125519e+018
"@realDailyWire See the thing is that #Covington  exposed  the press and the crazy left.  Press did not hate the hates the 14 yr old boys were wearing.   THE PRESS HATED THE BOYS.  Think about that.  THEY hated the boys.  THEY enjoyed watching, participating in attacking children",1088856301822791700
#CovingtonBoys #CovingtonCatholic #Covington https://t.co/Yq0ANJIvJG,1089550529980653600
https://t.co/ktGizrqrVy,1089180127618089e3
BREAKING: . Covington bishop apologizes to pro-life students: ‚Äòwe‚Ä¶allowed ourselves to be bullied‚Äô | News | LifeSite https://t.co/6fYWT2ZDVL,1089150165280346100
Nathan Phillips‚Äôs Legacy Continues: High School Teacher Doxxes Covington Student as ‚ÄòHitler Youth‚Äô https://t.co/Ar9D7ZU5Jn,1088971213001523200
"Attorney Robert Barnes Lists Members of Media, Hollywood Elites Who Will be Sued by Covington Students (VIDEO) https://t.co/yUGSQvef74 via @gatewaypundit",1089586041919545300
What the Covington High School Incident Tells Us About America https://t.co/3f6seo5FON,1091125397595586600
"Everyone can be manipulated (even me as I sadly found out) #NewsPicks 
#NewsGang #headlinenews (and by the #Democrats for this instance) #CovingtonCatholicHighSchool #FoxNews 
Timeline: How the Covington Hate Hoax Spread on Social Media 
https://t.co/WxK4spj6vy https://t.co/DsUlDzmAB1",1088822843356467200
Gutfeld on the Covington Catholic students: The teens became this week's media-approved evil - Fox News https://t.co/5awQ2mb9En,1089503421613424600
"@Willie700WLW Willie, you need to watch this video of @uofcincy students who would not disavow the death threats against the Covington Catholic kids. Disgusting what is going on at college campuses. Multiple calls for violence https://t.co/9llACXYMKx",1090445325570097200
"@The_Jim24 @Prefontaine68 @JamesHasson20 @BrittMcHenry @davidhogg111 There are numerous sources out there.  If you were interested in the truth, you‚Äôd have done a simple google search.  Here‚Äôs another source regarding movie producer who wanted to feed the teens into a wood chipper
https://t.co/OMoAs5K2yi",1089207239452385300
"FreeRepublic:  BuzzFeed, Covington and the Media&amp;#x92;s Self-Inflicted Wounds https://t.co/FrQmLoW0yG",1089345766886322200
"@WayneDupreeShow What do the Covington boys have to do with real talk? Considering issues pressing, how is this papercut a priority?",1088825053607649300
Opinion | Time to take on the Covington ‚Äòsmirk‚Äô https://t.co/557vl3707U,1088911214988664800
@oliverdarcy Probably same thing you guys did about Covington story,1089592415390969900
"Also to blame is media that went along w/that judgment, like they did w/the Covington boys, but w/worse consequences. Progressives &amp; media need to care more about consequences of their hateful, biased goals. Do they think condoning violence is OK if it's against their enemies?",1090626005285380100
"@TheKevinLewis Really, this is why? Not the Covington fiasco, not the whole Buzzfeed fake story, but this? You sure about that?",1090413502135713800
"My thoughts on Covington, part 1: Nothing justifies what the Covington students did https://t.co/LiF1e6IHQp",1089206078909214700
Some people need to apologize to the #CovingtonBoys https://t.co/81C79BovhZ,1089301133787422700
"@Gorange323 @maggieNYT Nancy Preston, shame on you for your despicable attempt to make life difficult for the Covington boys who were the innocent victims of obscene verbal attacks from Black racists and who were then aggressed against by Indians who flung drum banging and insults.",1090034206153990100
CNN's 'Information Warfare Expert' Duped by Twitter Bot Pushing Dubious MAGA Hat Teen Vid https://t.co/mmqmHtnnzy #Trending via @pjmedia_com,1088913462514704400
It wasn't just left-media who joined in the Buzzfeed and Covington misreporting https://t.co/Y8zOpigIIP,1089733820117594100
Man Booted From School Board Meeting For Naming Teacher Who Called Covington Boys ‚ÄòHitler Youth‚Äô https://t.co/1prD2b5K4a via @dailycaller,1088948196569686e3
@realDonaldTrump I‚Äôm going to go to the Covington Catholic high school and the Diocese of Covington Chancery to make people smile with my dancing! üòäüá∫üá∏üï∫üèªü§© #MakeAmericaSmileAgain,1089124227905654800
Leftist Congresswoman could be hit with libel suit over false claims about Covington teens https://t.co/f843i0KFTd https://t.co/outKq9tBg5,1090286036511526900
Exclusive ‚Äì Donald Trump Jr.: Covington Catholic Hoax Shows Who the Real Target of Fake News Truly Is | Breitbart https://t.co/CTEmWrZIjx via @BreitbartNews,1088848261354582e3
"@LevelTenTude @ScottAdamsSays The  bill, and all the hysteria is another issue.  I do not support the gov, or his bill.  I am overjoyed that it was defeated.. but, as Scott has pointed out,, the hysteria has weird parallels to Covington...which he will address.. soon.",1090980304398045200
Covington Student #NicholasSandmann Hires Attorney to Sue Media #MediaCovingtonCatholicHighSchool #attorney https://t.co/ueSnNw3IM3 https://t.co/zAMsbSKv9w,1088928832864817200
"I live in Covington, with many friends of various backgrounds and races. I‚Äôm heartbroken by your story. When will it change?  Thank you for sharing. https://t.co/p5cG28uY6h",1.0895082622554481e+018
"Covington Kids‚Äô Attorney Details the People Who Now May Be Sued, and It's Terrific - Young Conservatives https://t.co/FiMMVnqIe5",1090054717554741200
"Gutfeld on the Covington Catholic students: The teens became this week's media-approved evil

https://t.co/RjJwrrDdRf",1089554469707075600
"People need to wait before overreacting to the news. @AnnCoulter

Did  they learn nothing from Covington? These are tests, and y'all keep failing.",1088998458994745300
"Kathy Griffin, Ilhan Omar Panic - Retract Statements About Covington Teens After Robert Barnes Threatens Libel Lawsuit https://t.co/DoosWnssAs via @gatewaypundit",1089670877279604700
"Good. He needed to.

JUST IN: Bishop Roger Foys Apologizes to Nick Sandmann, Covington Catholic Families - Letter Included https://t.co/etjubjRhUX",1088924104835715100
@pritt4thepeople I have personally talked to 7 never trumpers who have vowed to vote for him in 2020 in the last 3 wks...fake news will ALWAYS be fake news! ü§∑üèª‚Äç‚ôÄÔ∏èthe shutdown &amp; bs coverage on the Covington kids woke a lot of sleepers &amp; mama bears AND they‚Äôre cracking down of voter fraud. #landslide,1089400779994103800
Taken from https://t.co/J5fJ9Rx5oE,1088835173540679700
Michelle Malkin BLASTS Liberal Media's Reprehensible Covington Coverage - Gives Shout Out to Gateway Pundit Writers (VIDEO) https://t.co/Q2fVxk1EcD via @gatewaypundit,1088859773783572500
"Congrats to Bill Sanderson who was named President of Urban Community Developers, a nonprofit dedicated to ‚Äúbuilding/selling homes of enduring quality on infill lots that will invite existing residents and new neighbors to make Covington &amp; the River Cities their lifelong home.‚Äù https://t.co/MRpXjwvbyv",1090328003094171600
Student at Covington Catholic ‚Äì Whose Students Mocked a Native American ‚Äì Accused of Rape https://t.co/PlYKkBjOfR,1089112305512693800
"Most of you ""conservative pundits""showed your asses with Covington last week, now more https://t.co/Qgr7EqfKjh more weak ass apologies in 3 weeks?",1088985121963810800
@DineshDSouza @orangebass Maybe if he says he went to Covington Catholic he can just apologize.,1088834491295166500
@SarahPalinUSA https://t.co/6ToaBfL4vB,1089555720247271400
"""I Don't Really Care"" - University of Cincinnati Student Supports Death Threats of Covington Catholic Boys (VIDEO) https://t.co/sxzL3PZLe6 via @gatewaypundit",1089317077146632200
Bishop Foy Apologizes for Being ‚ÄòBullied‚Äô into ‚ÄòPremature Statement‚Äô on Covington Incident https://t.co/n166l9YGBB via @BreitbartNews,1089310239864877e3
"So interesting that things didn't happen at all the way the media portrayed them:  Statement of Nick Sandmann, Covington Catholic High School junior, regarding incident at the Lincoln Memorial @CNN https://t.co/u70vgtpuQd",1089203904850448400
"@DJMiniMart1 @NaldrettPat You tried üòÇ
https://t.co/3S5qKmDL6b",1089244898467987500
"@BradEssex @DLoesch Covington HS families have an attorney to sue anyone in high profile positions for libel &amp; slander! If I were you I would join in with him @Barnes_Law !  Also, @jeannemfl the Pro-Life March President needs to apologize widely &amp; publicly cause she condemned our boys in public! https://t.co/Nxkkr3KVMR",1088846385947045900
"Sounds like when a hoax hate crime is revealed: ""Oh, but it's STILL a 'teachable moment!!'"" https://t.co/nPQiF9faSL via @collegefix",1090364852311388200
"@CaroleRadziwill @KelliShawn71 @thenation Also note that when the Hebrew Israelites were yelling homophobic things, the Covington boys actually booed them.",1088902885906235400
"@CNN @AprilDRyan when people show you who they are, believe them 
https://t.co/hiuTgnlfGr",1089166449468366800
"White victimology, white privilege and the Covington Catholic rules of race - https://t.co/8d2KfNFDne",1088863072834519e3
"@kathygriffin Whoa... and those tweets by you about those fine boys from Covington Catholic, were they tolerant? inclusive? You sure took them down in a hurry when they lawyered up.... tic tock Kathy, tic tock",1091345467227754500
Salon writer says denying that Covington students harassed Native American upholds white supremacy - Fox News https://t.co/DQ4XFskgvt via @GoogleNews,1090357210826395600
We miss Robert Covington,1091196529933774800
@palijar @thecjpearson @StudentsforLife @sarahbraasch1 @Floridamommy06 : Thank you for the RT on Yale student @sarahbraasch1 . We want to get her story out there due to the damage done to her life and also to show that pushing false narratives and inciting mobs on innocent people happened even before Covington. Pls read her feed. TY.,1088962959022293e3
"@MDSmith1824 @NicholasFerroni @CoryBooker Yeah I agree that tax payer money shouldn‚Äôt be given to private institutions unless they are government aided
But the problem with Covington school should be addressed in a proper way! Not all catholic schools are like that
There is a place for people who allow such acts to occur",1091471740415311900
Parkland survivor David Hogg sees double standard in defense of Covington Catholic students - NY Daily News https://t.co/eDzGtD4Yib,1088965034519248900
"SCOOP: 'Defamation Dream Team' of Five Law Firms Assembling to Take on Journalists, Media Outlets, and Celebrities Who Attacked Covington Kids https://t.co/QPtkH8KbAp via @gatewaypundit",1088843837106208800
Covington https://t.co/uw42s2I6JB,1090848838175346700
"Tomorrow, we begin celebrating African American History Month. Follow #CovBlackHistory to learn about the achievements of our lawyers and Covington‚Äôs actions to promote equality. https://t.co/q5RzvFCqTH",1091018575790383100
@SocialPowerOne1 I'm okay with Covington High holding outside classes until April.,1090847084964540400
"NBC: Forget Facts, Missing ‚ÄòContext‚Äô on Covington is MAGA Hats=Racism https://t.co/nuKEo2eFSC",1088926636580487200
Joy Behar on Why Liberals Made ‚ÄòSnap Judgments‚Äô About the Covington Kids: ‚ÄòCause We‚Äôre Desperate to Get Trump Out of Office‚Äô https://t.co/90D2l6jsfT,1088820587944923100
"@AOC Something Democrats should recite and learn from. The verbal abuse, false accusations, mob mentality and hate frenzy towards the Covington Boys speaks volumes of their actions.",1089637782409089e3
"More info on the group that seem to have been the catalyst of the #Covington #Catholic students confrontation with the Native #American Elder.
It's an interesting and teachable moment, important to go into more depth

https://t.co/9r1rbsLSQc https://t.co/u3Ig7wlMhF",1089649004219170800
"(The idea of having those spines poking into the interior of one's throat and digestive system is ‚Ä¶ horrifying.)

Being a man is hard, isn't it? So much bravery to prove, so little time. Right, Covington Catholic little MAGA men? /2",1089174352258584600
Kentucky Catholic Bishop: Trump's MAGA Hats Are Not 'Pro-Life' https://t.co/w3YJOOZxk5,1089004392462905300
@blaubaugh @politico Covington the all white kid group starring at the native American.,1091367684703506400
How to Escape Pseudo-Events in America: The Lessons of Covington https://t.co/E013jqkFze,1089892286211739600
How the Covington Catholic firestorm reinforced America's divisions https://t.co/gIFX26wTm6,1089319747701870600
"@NCRegister I am hoping that people will not rush to judgement and take into consideration that this ""Allegation"" was made on Twitter...
Hopefully we all learned something from the students from Covington KY...
Let's let the facts present themselves...and Pray this isn't true...‚úù",1090763713412558800
@GeorgeTakei @AmyFeld you still believe the Covington boys were guilty?  Are you high?   have fun with your lifelong pink p#ussy existence!  Looks like fun!,1091372559336202200
"Identifying facts is getting harder. The challenge to all of us is what can we do to avoid falling prey to disinformation? Check out Tanenbaum's Combating Extremism Campaign to learn 5 ways to use your brain to conquer #fakenews!
https://t.co/BlgcwR2ze2 https://t.co/aHvF8JaP0f",1089157295198613500
https://t.co/5t4aFTUqim This week in retracted news stories via #TheLateGreatShow @therealaaronmon,1088878921372889100
This man is a disgrace and needs to be removed from ever being on air again. @Barnes_Law @LLinWood please sue his sorry ass. #Covington #CovingtonBoys #Standwithcovington https://t.co/mjd79yrKtJ,1089171373631524900
"You get to wear whatever the hell you want, withing reason, you  get to stand in a place and have the right not to be accosted and provoked by some lying liberal douche who invades your space with the intent of provoking you.   ""Covington Bishop""",1089329381028302800
@TriaRyder @Barnes_Law Why would I waste my time? Those Covington kids showed us all who they are. Hopefully it will follow them for the rest of their lives. It‚Äôs what they deserve.,1090709021122854900
"Jazmine Barnes, Covington Catholic are just two cases where a hate crime narrative setup where none existed.  I‚Äôm very skeptical about #JussieSmollet but when the investigation is complete my skepticism will be confirmed or allayed. I‚Äôm done tweeting about it until then",1091133865987661800
March for Life apologizes to Covington Catholic teens for 'rush to judgment https://t.co/kzGT1jEe1t via @washtimes,1090046416154554400
Man Booted From School Board Meeting For Naming Teacher Who Called Covington Boys ‚ÄòHitler Youth‚Äô https://t.co/0WdB0eLVLZ,1089166666020335600
Covington Student Nicholas Sandmann Hires Attorney to Sue Media https://t.co/TrHJQBHugI,1089379787259502600
@paulsperry_ Some of the liars of Covington got pink slips yesterday üëèüèªüëèüèªüëèüèª https://t.co/9BKrgf4TpD,1089271334021009400
"@Alyssa_Milano @RealJamesWoods He is saying speak, but for a sustained search and destroy where you actually cause unjustifiable harn, like what y'all did to the railroaded Covington boys, will lead to a massive backlash.",1089061165127295e3
"Attorney Robert Barnes Lists Members Of Media, Hollywood Elites Who Will Be Sued By Covington Students (Video) https://t.co/qQ6nJY15c0",1089932062361088e3
"WATCH: HEATHEN Bill Maher Attack Covington Catholic Students In Disgusting Tirade, ‚ÄòJokes‚Äô About Pedophilia - https://t.co/UNnZXOrIab",1090518664455979e3
"Large Newspaper Publisher Runs Huge 8-Panel, Color Comic Attacking Covington Kids https://t.co/lNO3PIySfd",1090188046987739100
@George_Norrath @jambu2525 @YahooSportsNFL This kid has a future at Covington for sure - hater already. üòÇ,1088946659801919500
"Yet death threats against Trump and death threats against Nick and his fellow Covington High School students are A-OK.

Leftist #DoubleStandards in action. https://t.co/CKkzEIjjqa",1089945066548777e3
"It's a long read, but definitely worthwhile to give fresh perspective on the Covington boys, the native American, the Black Hebrew Israelites, and the confrontation.... https://t.co/WYKd6kIBHc",1090428768873861100
https://t.co/UBRcxnRgLt,1090645896822509600
"@Cernovich He dropped the ball on Covington even before today‚Äôs announcement. That said, it‚Äôs not over yet. Today was a Mitch McConnell move.",1088895760127742e3
"@HashTagFuckGod Here's why Covington (across from Cinci) is aka..
Sin City, Crackers Fuckin l'll Boys Kintucky..Yee Haw ha. https://t.co/hiYg8C7VCC",1089051277621977100
"Maher Trashes 'Prick,' 'Smirkface' Covington Kid w 'S***-Eating Grin' https://t.co/hTlquvZkqq",1089921514802237400
"JOHN HAWKINS: Long Term, How Do We Live With the Sorts of People Smearing Covington Catholic Teen Ni‚Ä¶ https://t.co/5ygJhXiov2",1089363800707473400
Portraying the MAGA teens as victims is an extension of Native American erasure https://t.co/fHo0cuyNvx by @nick_w_estes,1089267522266902500
https://t.co/acwAaVVhdm,1089875527266115600
Bishop Foys Apologizes for Being ‚ÄòBullied‚Äô into ‚ÄòPremature Statement‚Äô on Covington Incident https://t.co/rAbpaGdKkO via @BreitbartNews,1089412015821676500
The Disgraceful Priest Who Threw Covington HS Kid Under The Bus Is Now ‚ÄòSORRY‚Äô - Do You Buy It? https://t.co/fE3maIRluz via @Doug_Giles,1089598036832145400
Technically speaking lawyers from Covington Virginia to Richmond Virginia have seen me standing beside people for 30 years. What in the name of God are you people thinking? https://t.co/EUnETaKK1M,1091067261929041900
Covington Catholic kids defend wearing blackface on Fox News: 'It‚Äôs just showing school spirit' https://t.co/32dM9mlc5x.   How is anyone defending these people?,1088828162471952400
"KY prosecutor: Investigations, subpoenas against those who threatened Covington kids ‚Äòalready underway‚Äô Conservative News Today https://t.co/AnIcaB5EEg",1088980995720785900
@JackPosobiec @realDonaldTrump Covington who? Move on,1091332318915121200
"Covington Kids‚Äô Attorney Lists Potential Libel Lawsuit Targets, and It‚Äôs Fantastic - https://t.co/kDWh3v412w",1090182696641458200
"@RawStory So people that rely on and/or wait for facts are far-right extremists?  Good luck with your narrative, I hope this one works out better than Covington.",1.0906979328216719e+018
@chuckwoolery Sir can you do a story about Tyrus from the Greg Gutfeld show? He's a rising star on FOX and was outright racist against the kids from covington last night and spewed white priv later. Watch GG show from last night please. Unfair.,1089504291151175700
"That's the Left for ya!

Bishop: I Was ‚ÄòBullied‚Äô into Making Statement About MAGA Boys | Breitbart https://t.co/M0LWxdkrSD via @BreitbartNews",1089261859818139600
@JimAlmagno @NBC10_Bill These folks probably spent serious time defending the Covington brats while giving not a moment‚Äôs thought to an 8-year old immigrant dying in US custody on Christ‚Äôs birthday last month.,1090426024809111600
"He will rape again. He needs A LONG prison sentence and chemical castration
Former Covington Catholic basketball player indicted on rape, sodomy charges https://t.co/ubGtc5iOK9",1091132960525484e3
"@GregoryMcKelvey @realDonaldTrump I don‚Äôt mind if you did not want to go to Vietnam, just don‚Äôt say you were there when you were not

#StolenValor #FakeNews #Covington https://t.co/egJZwW19Tl",1090081425720655900
"‚ÄúThe young man‚Äôs cavalier statement about genocide and dispossession is the voice of privilege in this country, speaking in unadulterated tones, unleashed by the self-described ‚Äúwinner,‚Äù Donald Trump.‚Äù https://t.co/Yl8UH4HZ7A",1088854018124701700
"It turns out Nathan Phillips, the man at the center of last weekend's viral video controversy, isn't a Vietnam veteran. https://t.co/U5VuJn3vfR",1088860556163993600
"@billmaher jumping on the character assassination bandwagon of the #Covington student, calling him a ""little prick,"" is balanced by his continuing infatuation with alt-right darling @AnnCoulter, who seems to reciprocate. Bill and Ann should get a room.

https://t.co/ZE94QboKZ2",1089203776890781700
"RT WSJ ""The media crowd beat unrecognizable and left for dead the reputations of a group of teenage schoolboys whose sole offense was that they were white, apparently Trump supporters and, best of all, Catholic, writes gerardtbaker https://t.co/1TVyCfOngT""",1089073887894257700
"Long Before the Covington Incident, Orwell Revealed the Truth about Hate  | Barry Brownstein https://t.co/NtxoukE6TU via @feeonline",1090661699814862800
@godblesstoto https://t.co/UsQZtGyt4x,1089538438767018e3
@HouseShoes Your a total ass. Takes a big man to threaten kids. I certainly hope you get a visit from the police and sued by the families of Covington Catholic  High. Your a total mental case.,1089186019147243500
"RT(@leslieanneVA)   
  
THAT‚ÄôS the smirk we have been talking about! It‚Äôs been in the headlines in many forms... we know this smirk well. #privilegedbubble  #Covington #Kavanaugh #trump",1088829187761279e3
"‚ÄúCovington was their Waterloo. Would they tell the truth about what happened, or would this dumbass junta parade their usual Maoist talking points? They went with the latter.‚Äù

https://t.co/jIasbQpnl8",1090591603717230600
"Indiana-Kentucky Indian Movement and Antifa Plan Tuesday Protest at Covington Catholic School Over Far Left Fake News Scandal https://t.co/bNIneg74f9 via @gatewaypundit

üö®They just can‚Äôt let it go..Covington group proven innocent and Indian group plus Black Israelites guiltyüö®",1090379749736828900
"Here's democrat @GovernorVA , the infanticidal governor of VA in full black face with a klansman for good measure. Will the Covington hate mob attack? Yearbook content is fair game after Kavanaugh, sorry.

#RalphNortham 
#blackhistorymonth https://t.co/H0GfKrpOUf",1091418428320018400
"""Western society has moved steadily into Orwellian territory. When the first brief clip of Sandmann made the electronic rounds, Right-Thinking People joined together in making him the object of their Two Minutes Hate."" https://t.co/KjRJnF5S97 #Covington",1089891345320296400
".@conservmillen says it's ""disgusting,"" ""depraved,"" and ""twisted"" how the Covington kids have been treated by the Left.

‚ÄúThe crime that these kids committed‚Ä¶ was being white, wearing a MAGA hat and marching for life.‚Äù

Watch more Allie ==&gt; https://t.co/LrIEVYtmT5 https://t.co/McKOJixT1Z",1089228980211904500
"Nutty Bill Maher Attacks 16-Year-Old Covington Catholic Student ‚Äî ‚ÄòWhat A Little Pr*ck,‚Äô  'I do not get what Catholic priests see in these kids' 
https://t.co/o3jmGORwX0 via @dailycaller",1089278169981435900
Gutfeld on NBC's interview with #MAGA hat teen https://t.co/p4Mlkx55PJ via @YouTube #Covington,1089264180912369700
"Jan. 22, 2019 ‚Äì Great episode from Sean Hannity's radio show, ""Who Is Apologizing To The Covington Kids?"" #StandWithCovington ... @SharylAttkisson guests and talk about her ever-growing list of media wrongs against @potus Trump: https://t.co/nL2x6XlfxD
#MAGA #p2 #tcot #ccot #tpot",1090391549035216900
"Great story about bubbles. 

How the Covington Catholic firestorm reinforced America‚Äôs divisions https://t.co/iE9NalEnbH via @NBCNews",1089120551455649800
"That‚Äôs the end of it, folks, the Bishop apologized. ‚ù§Ô∏è

BREAKING: Bishop apologizes to Covington students | Deacon Greg Kandra https://t.co/Bh1uzl2ts3",1089156289912033300
"To Be Clear:  The Covington Kid was trying not to smell the stench of the infection coming out of the drummer's mouth due to all of the rotten teeth!  
FACT:  The drummer had a chronic case of ZACKLY.  His breath smelled ZACKLY like his ass!  The Covington Kid was brave! https://t.co/T6M9C22v5o",1.0888989587206799e+018
"Paul Gigot on #FoxNews #JER just threw his hands up lamenting ""they hate people for who they are"" in connection with #Covington kids, which exactly sums up how Sikhs, Muslims and others feel at how they are treated",1089266721477873700
Covington Student Nicholas Sandmann and Family Hire Attorney to Sue Media for Libel https://t.co/WIhVRkgnRk via @BreitbartNews,1089240467856707600
Worth 5 minutes of reading. https://t.co/AMisZyFteQ,1089346037213470700
Tell the Pro-Life Covington Catholic Boys Bullied by the Media that You Support Them. Sign this Message. - TFP Student Action https://t.co/FdpPSdiDLN,1088933721422659600
"@mrsdianek It sounds to me that perhaps he wasn't quite grown up when that photo was done. You know, this is there perfect example of why the parents of the Covington kids needed less PR and more parenting, because stuff can come back at you!üíõ",1091484023908491300
I'll not hold my breath.¬†https://t.co/MzBF5uOf2v¬† https://t.co/CPmhuFMlfd,1090327313491869700
Assessing the Covington Catholic Critics: a statement by Bill Donohue. https://t.co/PFXFqAsfd3,1089279730510110700
Support the Covington High School students. https://t.co/ohmZYZw2ka,1089311091090280400
Michelle Grissom Colorado school teacher who tried to smear THE WRONG KID for the Fake Covington Flap https://t.co/aGHizwNY42,1090295830324625400
"Collective punishment and collective guilt can descend on anyone, anytime. https://t.co/arIjrZ3aPw via Kevin Williamson https://t.co/neVGesUy94",1089999081865445400
"#resignations 
Covington, VA  Police Chief Anthony M. Morgan has resigned from his position, effective Feb. 8. https://t.co/ndSO3Ttvni",1090486903537844200
Bishop Apologizes for Being ‚ÄòBullied‚Äô into ‚ÄòPremature Statement‚Äò on Covington Incident https://t.co/p7YlNatSza via @BreitbartNews,1089206744465715200
"us coverage
up could
users catholic
union child
ultima chef
unusually city
unfounded covington
used cases",1089129832229883900
White-Washing White Supremacy: Media Rushes to Excuse Covington Catholic Students - https://t.co/hqgupl99NG https://t.co/OIC85JsB3S,1088928975848702e3
"‚ÄúWe cannot uncritically ally ourselves with someone with whom we share the policy goal of ending abortion,‚Äù Bishop John Stowe wrote. https://t.co/Ju3JZZ41sq via @HuffPostPol",1089192930127110100
How everyone who stay in covington not from covington?ü§® somebody lying.,1090711926257143800
"@w_terrence More #FakeNews = #Covington 2.0
@JussieSmollett = PU$$IESMOLDICK",1090696368790761500
"truely blessed with the best family aroundüíû thank you for making my 21st truely unforgettable! @ Covington, Kentucky https://t.co/wdwwJ3CfFn",1090347421845069800
Very worth a read.... Rene Girard &amp; The Covington Catholic Boys | The American Conservative https://t.co/29H9h7Tcha,1090065283132391400
‚ÄúA version of white evangelicalism has bought into a theology of individual exceptionalism that is married to the capitalistic American dream...‚Äù A just released article from @ASISTASJOURNEY on the recent #NathanPhillips story: https://t.co/pEFfbzPTCU #missioalliance https://t.co/IGNROBY84D,1091376887648141300
"@Pink_About_it Smokescreen city! Thats what the Covington boys from Ky (where i am) was all about. Diversions.
RBG is the story. 
Theyre gonna end up spending a month at Ruthies.....",1089166433936920600
